Date,Open,High,Low,Close,Volume
2022-01-01,1497.7906179582892,1504.2713068737303,1497.183712960312,1500.0,491229
2022-01-02,1498.2418461303207,1501.8454081056698,1494.7352228455163,1501.1218897733927,921464
2022-01-03,1503.742178959235,1506.3752348184419,1498.860078851892,1502.0295567313585,641639
2022-01-04,1504.3485090608751,1507.3423722163802,1502.2109498177326,1504.4886648704617,697601
2022-01-05,1505.6978029453553,1510.9388995681236,1502.1502567760106,1507.0099733425654,732843
2022-01-06,1509.4717700776648,1511.4054197960936,1507.5331010296284,1509.0740444121236,891165
2022-01-07,1515.2872485342264,1516.5542605753155,1509.2618046064235,1511.084328495312,880423
2022-01-08,1509.1084482675922,1516.3571674927305,1508.2349512757546,1513.7985832530994,917769
2022-01-09,1515.846432577877,1516.7423063507267,1515.6914927455293,1516.1963769226818,218541
2022-01-10,1520.7859020592034,1521.2279236893423,1513.650877894257,1517.1491395630349,344972
2022-01-11,1518.5546047099338,1521.8562771764364,1513.9786518051992,1518.024562853392,373467
2022-01-12,1517.2078122372443,1523.2751251463424,1512.367116344171,1519.6137612812518,509220
2022-01-13,1519.999509611465,1521.326282667223,1515.5069919021362,1521.076942662877,632973
2022-01-14,1519.7719431287078,1527.636968076648,1516.184420599175,1523.0162173373963,951396
2022-01-15,1525.470313460657,1528.6241172156733,1520.1085637325814,1523.8814440735378,264242
2022-01-16,1527.2700052306132,1530.3141508136328,1523.5351181704664,1526.0979266203005,658002
2022-01-17,1525.575182250935,1529.2105272164165,1523.7879931694583,1527.7699366329537,259306
2022-01-18,1524.9946372592735,1532.8339151331293,1522.9232056851824,1529.6949345021185,560751
2022-01-19,1527.7096482479328,1536.1703978846012,1523.4051984259884,1531.8091870391306,296506
2022-01-20,1530.6664778677489,1539.0475746450672,1530.174938790562,1534.1175386493464,911528
2022-01-21,1540.4487423866374,1542.4828955311184,1533.92397821749,1536.3192155492954,570756
2022-01-22,1533.7754442703422,1540.1853362964223,1528.9779544575745,1537.2715083978048,240827
2022-01-23,1539.453733764249,1541.3058308006807,1534.7540302357736,1538.066904606546,873425
2022-01-24,1537.9471364307776,1540.3549364364305,1537.920197808819,1539.1737405953818,223387
2022-01-25,1543.6014682185491,1543.9541949931438,1538.9027659010467,1539.6941991356853,408765
2022-01-26,1539.5948441337648,1543.6221383909622,1537.6082286243463,1541.0943703799635,894571
2022-01-27,1544.0320783034078,1544.7026058667636,1538.948758505333,1541.9594747432288,249093
2022-01-28,1542.5105961390336,1547.6478241438494,1542.230367870353,1543.8162823858072,591510
2022-01-29,1542.0008756776922,1547.2078370976897,1537.2949102004623,1546.4590409801772,353063
2022-01-30,1549.3581114052663,1550.44297329398,1546.2642932018973,1547.4595713916394,161299
2022-01-31,1543.7428832610763,1551.5621597959835,1540.3689037839283,1548.2961550383925,437479
2022-02-01,1547.6751490277763,1553.1436769209138,1543.1389398517022,1549.3301389400142,225647
2022-02-02,1556.5292270385653,1559.008254362763,1549.5406263034854,1552.2630280746216,126412
2022-02-03,1555.041626892155,1558.4798447894925,1551.7665278186334,1554.9088525419277,617131
2022-02-04,1558.5197844465365,1559.2419026985801,1553.915202987799,1556.7433158467018,695962
2022-02-05,1553.5779484512277,1561.9403627733136,1551.1449803123103,1558.3294623241745,467274
2022-02-06,1558.6902985698098,1563.4968253075037,1555.0850695266756,1559.297443740435,400829
2022-02-07,1560.5627052774714,1560.7221088693614,1556.044287972752,1560.5181336903245,812275
2022-02-08,1564.60850152456,1565.590862543739,1559.9363823937103,1562.5860520180483,425665
2022-02-09,1560.558438113284,1564.8457244795227,1559.451567812534,1563.975316696838,390967
2022-02-10,1563.6770483706737,1569.873573840495,1559.7613938431844,1566.2989552327672,681554
2022-02-11,1564.0668668362703,1571.266583235465,1559.1339994876014,1568.1914258159375,970298
2022-02-12,1568.58877247449,1572.2258768153638,1567.2800258776542,1571.047400698744,164417
2022-02-13,1571.8874543543795,1573.3389103623051,1568.2669882903213,1571.931264781298,836349
2022-02-14,1573.0582601232816,1578.7123814309616,1572.3534008602978,1574.671828763513,203845
2022-02-15,1579.4498061485262,1580.2130044247644,1573.3742812425787,1575.6169154409063,440254
2022-02-16,1579.7481803984856,1582.246732600184,1574.5673675890162,1577.6025717356006,939491
2022-02-17,1579.3096852604453,1581.3068184910053,1576.5096597110191,1578.2091458050284,768766
2022-02-18,1581.1655762812165,1581.5150753947573,1578.5116526175834,1580.3426221735026,905876
2022-02-19,1582.1876796435122,1582.9142674573745,1579.9497487978601,1581.7594210495672,387020
2022-02-20,1586.0031713186154,1589.5192448072964,1583.0518485620173,1584.2483454803735,733747
2022-02-21,1580.6630260178042,1589.006156729855,1580.2228051174268,1584.7756130971918,667339
2022-02-22,1590.10179315076,1590.2180568766807,1585.844428050662,1586.4763056945214,287870
2022-02-23,1589.1818673763394,1590.1831054159213,1584.4866542214436,1587.2183310211162,832162
2022-02-24,1585.609964908089,1591.198177889374,1582.2852625248725,1588.0385133821171,396887
2022-02-25,1593.7825512295115,1597.2618907269605,1588.1289638829946,1590.586573901965,187033
2022-02-26,1596.0154997711927,1600.1180277659648,1589.870795136296,1592.5950383626139,934467
2022-02-27,1593.2856185935166,1598.758518233497,1588.3089564572958,1595.5097288832433,301467
2022-02-28,1595.7459224951826,1598.1208838362952,1595.5111058754335,1597.7427308262957,423067
2022-03-01,1602.685224202079,1603.2897743085155,1595.7083096088677,1600.681376062653,520920
2022-03-02,1607.0482212971,1608.2758264354636,1598.0204858783209,1602.474617908189,541274
2022-03-03,1601.6786355359711,1606.0377664797509,1598.1118139829866,1604.2868045479047,366450
2022-03-04,1608.5104014187918,1612.2319112179237,1603.2558029648376,1605.0816617323585,872992
2022-03-05,1607.1966949784974,1608.336086410199,1601.7686922712123,1606.4111652039749,929720
2022-03-06,1611.3190764994138,1614.7171722737296,1607.0144040719301,1607.5922062879633,120798
2022-03-07,1615.1468657125877,1615.6399465202662,1606.254433597835,1610.2668583822242,149052
2022-03-08,1607.887937394762,1613.694050155506,1604.0518248242745,1610.984104374401,672449
2022-03-09,1616.1909585686738,1616.5575662126503,1608.4201287220633,1612.6804082726012,983377
2022-03-10,1620.2324719747462,1624.3859770604095,1615.0812357111151,1615.2748828605377,499040
2022-03-11,1613.3303918835072,1620.480490483954,1609.046497742879,1617.0493528516831,372406
2022-03-12,1617.297706022895,1620.5247250595467,1614.808103832044,1617.6702178069127,925514
2022-03-13,1617.3337252479905,1622.790048102092,1613.4940024021237,1619.7033607234762,275393
2022-03-14,1624.6400270117997,1629.4860830580471,1618.2344700944695,1621.224163785493,562157
2022-03-15,1621.1004222180652,1625.264818666006,1616.9380044303978,1623.5057211337005,257003
2022-03-16,1620.2500573484347,1626.8453873952772,1616.4895006299093,1624.2271800246726,452683
2022-03-17,1625.8117635735596,1629.23027433341,1624.3699839370338,1625.6817904087206,413564
2022-03-18,1627.0398070896083,1630.1304637272367,1623.6283344971218,1626.2415274740592,673589
2022-03-19,1631.3418884947853,1632.16600396216,1626.5018418687557,1627.70478924893,507132
2022-03-20,1628.5973779372089,1633.239630010964,1623.6933068493279,1628.56006140903,950797
2022-03-21,1630.0025722149867,1630.4562699057597,1628.0510069831091,1629.61649275896,228732
2022-03-22,1633.1333430460206,1634.2024170851641,1631.0085017337226,1632.1010250751951,940606
2022-03-23,1632.7289199355291,1639.3103465434194,1628.2776559207546,1634.39623500979,554766
2022-03-24,1638.9662480511372,1640.7490419865912,1633.8958372358459,1636.1054912120665,933399
2022-03-25,1638.6229307682079,1642.73599821871,1635.3001034533108,1639.0560674206513,677445
2022-03-26,1645.7404392165745,1649.9535830761329,1640.3810352799298,1641.459354089969,281835
2022-03-27,1639.943216628034,1644.3146811988229,1638.412003796887,1642.1863811467426,510772
2022-03-28,1645.5429945261467,1647.214588453238,1639.9874078921923,1644.0296234957557,880813
2022-03-29,1644.9438057133184,1647.2037577790236,1643.5829820465851,1646.2244585848618,459909
2022-03-30,1649.7997449007798,1650.1747430289445,1644.6941698407963,1648.5749100789271,398396
2022-03-31,1655.544532962401,1657.6543915823563,1648.5727963897198,1650.6438015418466,685119
2022-04-01,1653.4193218017497,1657.0322264279368,1653.1936453666005,1653.352011047794,643385
2022-04-02,1660.1949680067285,1662.906136714904,1652.7037202950614,1655.8516622353823,955328
2022-04-03,1656.0440189170129,1661.3591740911647,1651.5162496446324,1657.7365192069042,344225
2022-04-04,1664.63991473133,1664.8327012944621,1658.737369900251,1660.412823217801,506486
2022-04-05,1664.4631723082941,1667.047096434053,1658.189707874104,1661.935834922733,984661
2022-04-06,1660.290501293951,1663.4281760592323,1657.862905685616,1662.6038776361993,501738
2022-04-07,1659.9382568808055,1667.110741486502,1658.1588821867704,1663.4567490614882,245017
2022-04-08,1671.4016666984003,1671.6070364485329,1662.358559013946,1666.4504647143876,398203
2022-04-09,1671.3390937302493,1676.1645647869743,1665.6631211387337,1667.4427028769157,749718
2022-04-10,1668.08370293886,1670.4578717410252,1665.5384410813892,1670.1624144371517,699396
2022-04-11,1668.2855478023116,1674.06364502843,1667.617609287938,1670.7538014587712,196827
2022-04-12,1668.8721113391277,1671.6392760842064,1665.0916110395854,1668.8646390499612,567882
2022-04-13,1670.0529071797926,1671.8020103580077,1666.433971201469,1669.4132251840797,786136
2022-04-14,1665.9534120399028,1674.9112907301721,1660.9886450113695,1670.920856954925,893425
2022-04-15,1664.6899632428979,1670.3729250387578,1662.089594182414,1669.5834131779807,320447
2022-04-16,1666.1892341821635,1672.7042439984027,1666.1003302330842,1668.518835832111,546587
2022-04-17,1667.1625290849443,1670.4103601678644,1664.088535743875,1667.5633378899981,866550
2022-04-18,1663.2421298242386,1670.5354223911643,1659.7710759634576,1666.854068909371,140512
2022-04-19,1665.2897730416814,1669.3564651666732,1660.8621456527262,1667.8721527908074,328901
2022-04-20,1661.4119840190892,1669.3253579285006,1658.6056588656616,1666.210247759685,274586
2022-04-21,1670.999623502078,1672.7561953953307,1667.337399103799,1668.17349086455,464002
2022-04-22,1670.8976894385094,1675.3458542151934,1665.1100729752036,1666.769356904604,828573
2022-04-23,1670.089974815432,1672.3701523535549,1663.9611509949439,1668.2707727531977,459301
2022-04-24,1663.8250580367862,1666.9495232591084,1662.798288767327,1666.427847115577,844784
2022-04-25,1665.461655678326,1669.2315654997756,1661.7881895453397,1664.8780024007829,585094
2022-04-26,1666.7314821860732,1669.2936317752608,1660.5350834470491,1664.0413839201397,661433
2022-04-27,1670.5044172102284,1675.2631067875825,1665.144426633608,1665.6533559274842,122349
2022-04-28,1668.4012899719908,1668.8126702341376,1665.9349102632166,1667.3346483517912,582352
2022-04-29,1666.4092190213787,1668.5300944154017,1661.4226345392535,1665.4156674836513,101064
2022-04-30,1666.820499763682,1668.2448304817758,1666.1284496455412,1666.4634597597708,276157
2022-05-01,1661.3556789382128,1668.614999458569,1657.6585056711626,1665.728956804174,291145
2022-05-02,1660.944794784997,1668.3841366642744,1659.0823410172807,1665.4057681256195,489418
2022-05-03,1662.1289888292436,1670.4524118469383,1657.5264122819153,1665.677032521802,527963
2022-05-04,1662.1378917244147,1670.7126817250742,1661.6109438222356,1666.47154320283,695825
2022-05-05,1668.7138013764222,1673.1912628328475,1659.7030007639892,1664.5971286627323,104365
2022-05-06,1661.1027832034229,1664.297668489343,1656.5250663275492,1662.6281671520937,952071
2022-05-07,1665.2545076028027,1668.5213531640286,1660.1279475997187,1663.6166098765843,861398
2022-05-08,1664.6879307849465,1667.9677869280058,1660.7442892539073,1665.488124120353,562923
2022-05-09,1663.5703454969405,1666.187582569533,1661.865757186318,1664.648521778276,919926
2022-05-10,1669.5635333087143,1670.1059760862277,1663.6767718467675,1666.4170525502998,301293
2022-05-11,1662.2769995865908,1669.884432486909,1660.175958344542,1666.7815655398447,278000
2022-05-12,1667.2494084580444,1671.764093746455,1662.6511997080268,1665.3231651871524,393222
2022-05-13,1665.8098609276615,1667.6451540047549,1659.1006133754554,1663.675813946978,789111
2022-05-14,1668.6108973936873,1669.4839983128797,1663.4501036983318,1664.1937591847136,479431
2022-05-15,1659.6065087464428,1664.8962456577253,1657.652361369265,1664.2123013269418,325660
2022-05-16,1663.6773139770928,1664.4263034723726,1660.8470074911966,1664.3015391999609,113162
2022-05-17,1660.3953867367193,1664.922788633078,1656.4227917543071,1664.8152894053974,834941
2022-05-18,1659.5614449653804,1664.8936461664368,1656.4586260537146,1663.7169430295905,238100
2022-05-19,1661.2064625717783,1664.427599629287,1659.8496658187291,1662.7644959566917,331542
2022-05-20,1665.1021552836532,1669.8250530630364,1662.662103575809,1663.0143914858036,410376
2022-05-21,1662.98206266989,1663.745950929929,1658.6688689780829,1662.5803715761097,570388
2022-05-22,1660.3360248970068,1663.467484655751,1659.764815515073,1663.412401862502,574040
2022-05-23,1657.3638209406543,1662.2981898901294,1655.7436627504178,1662.266572826515,912035
2022-05-24,1662.637015921143,1665.15339671307,1660.403839656631,1661.4083809335536,118348
2022-05-25,1658.696313353285,1664.9213193684113,1655.4768134256572,1662.7990955835505,440006
2022-05-26,1660.8126459885448,1663.3348817934932,1659.2206684643431,1662.6454099340083,293135
2022-05-27,1663.1138416222032,1665.099165088198,1656.0012062835704,1660.942972499376,923278
2022-05-28,1665.3760557792798,1667.387569723565,1660.558610194388,1662.3830581306574,987710
2022-05-29,1663.5777776116472,1664.769863413857,1661.6646969596804,1662.0642357435402,948166
2022-05-30,1664.072806091837,1668.4020662996456,1657.9055989500932,1662.1639208078159,258622
2022-05-31,1661.4047653628145,1667.3974821599038,1660.1025251590734,1662.7707297388615,467047
2022-06-01,1663.1313334280799,1665.8697588043246,1659.7248587717402,1662.2548931626607,310180
2022-06-02,1664.8964463210236,1668.9124021926852,1663.1844435652156,1664.199404346224,481226
2022-06-03,1661.327473601066,1667.6370454668993,1659.1669820962634,1663.3086988872237,323455
2022-06-04,1667.83764880252,1668.865306919118,1662.3916963126092,1664.0342117271473,677379
2022-06-05,1662.6936907598877,1667.7010594024664,1662.349073573931,1664.2150540924572,463823
2022-06-06,1668.8622692503545,1672.8773476671313,1661.4595769701914,1664.3235142521219,807429
2022-06-07,1665.2205799792466,1668.5840042566754,1659.699514165138,1662.3544138017462,845176
2022-06-08,1666.7917945559868,1670.052012234485,1661.4205240329131,1663.3846836595797,277661
2022-06-09,1662.633712438821,1666.5660710241727,1657.5188604671005,1662.1911417848382,258231
2022-06-10,1660.6180908005692,1667.7765851628458,1657.5855410470967,1663.152622785913,469468
2022-06-11,1656.7573731208054,1661.646397775111,1654.4003991896825,1661.6116414627998,168484
2022-06-12,1659.8611050613288,1663.3614343796048,1657.324603513669,1661.3949317802521,945931
2022-06-13,1664.6856017328505,1666.041028865429,1659.4554446098161,1660.5087410002525,244671
2022-06-14,1656.6168505974988,1660.1326168063522,1653.0617703641383,1659.350429519822,618057
2022-06-15,1656.8322816556472,1662.8269745186494,1656.715702507765,1658.8108659495447,970776
2022-06-16,1657.8874237538569,1660.7649522968777,1655.704390730722,1659.994004666169,794844
2022-06-17,1661.4479244806791,1665.4899600569331,1653.9588011831797,1658.3531119714387,968276
2022-06-18,1659.1344044626208,1659.304976664485,1657.1205405625394,1658.9968437815105,499415
2022-06-19,1655.9285400468866,1658.5867249968921,1651.1781206055173,1657.8887658427004,908382
2022-06-20,1656.2241484232895,1661.6160638025374,1653.0254707408035,1657.732128151222,351715
2022-06-21,1658.6539475876964,1663.6331887567442,1655.7583598607546,1658.2144416225956,902783
2022-06-22,1660.2285669734783,1662.0015941869772,1653.2400826333671,1656.8544848656284,257469
2022-06-23,1662.9927166285634,1666.3136945564104,1653.9570150567336,1658.5685076299185,574642
2022-06-24,1663.6842759431715,1666.8324018545613,1657.0511990160555,1659.1694811661823,840914
2022-06-25,1656.9883917236236,1663.3992455799394,1652.5799272411573,1659.4208866950848,251635
2022-06-26,1664.252542906391,1667.9970267930992,1657.1543673697438,1659.565526697507,264872
2022-06-27,1663.349944625656,1664.8855864445852,1658.1201337775299,1660.5215109554986,441316
2022-06-28,1667.05067168975,1669.7355331684491,1659.6780422994757,1662.2908725010914,915376
2022-06-29,1660.1561087828695,1665.4507116769378,1656.8555012764082,1661.369139897828,975566
2022-06-30,1661.7289269415799,1664.1129293215583,1657.9674557116823,1659.5798482461123,654866
2022-07-01,1660.9538900959303,1663.5663343728884,1654.0947848000071,1658.2635582951668,603604
2022-07-02,1659.9718782424295,1662.346574930573,1653.8629063200203,1658.2391413088676,799827
2022-07-03,1660.5941260905165,1664.1712273105463,1658.9830175955567,1659.0847513240544,585348
2022-07-04,1655.0295656346316,1659.7208013279485,1654.8679455464726,1659.1520042169334,795763
2022-07-05,1655.3225368063422,1658.7931052209549,1652.5301497217235,1658.051717657406,384889
2022-07-06,1656.8894208563372,1660.3281415405459,1653.0405708669757,1656.9721300425933,270557
2022-07-07,1660.5098164409228,1665.2606367304397,1657.8235722287764,1658.7885281644835,725136
2022-07-08,1662.9994269334898,1664.9960134816017,1653.8397761442384,1658.1325106054226,197361
2022-07-09,1654.1472123314988,1660.9938625136244,1651.7187296184784,1658.8536107045418,646309
2022-07-10,1663.8344167666708,1667.3424749370158,1657.3808054070537,1659.7905143050536,465165
2022-07-11,1657.6834453912943,1661.7812924925145,1654.6260298525592,1659.3311242750096,231999
2022-07-12,1658.1584903064152,1663.9431082366532,1655.5491940752538,1659.4511070654476,327426
2022-07-13,1655.9080997897831,1659.242769611759,1655.3438167149698,1657.9047304751832,644235
2022-07-14,1661.638651042273,1666.5421348406774,1655.4402830084246,1657.7180922502423,432472
2022-07-15,1652.3116894251375,1657.5560608188173,1649.7808359034332,1655.923200317552,933013
2022-07-16,1653.0570189338325,1657.6456163636758,1648.3142482215799,1655.5181775150127,110104
2022-07-17,1654.6194372774717,1658.0296000407016,1651.0171843933902,1657.169250683549,398389
2022-07-18,1659.5465873674195,1660.6925577557674,1652.1951044429309,1656.9731374498183,932494
2022-07-19,1656.7339030140765,1658.3672270418283,1650.584089725696,1655.239976396037,513436
2022-07-20,1657.0882524838112,1661.4874799023166,1650.3876176043393,1654.7376002750138,359298
2022-07-21,1651.4948268600167,1658.1011023492638,1648.8678029844232,1654.2363601822988,541841
2022-07-22,1651.0679898803885,1655.7394850708606,1650.3400290567267,1652.080628256488,866873
2022-07-23,1652.7624988394825,1655.616214634535,1648.6865091432558,1649.7497438486714,790643
2022-07-24,1648.54124085515,1650.5279402901983,1644.79095006815,1647.9459122015353,653754
2022-07-25,1644.8979044236637,1649.1349131077388,1641.6853989104768,1645.449258977758,560747
2022-07-26,1641.7943151437062,1645.578047791338,1637.7408865053187,1644.2915547949303,794961
2022-07-27,1641.0136465732182,1646.0782256437271,1640.8644775205642,1641.7342424576225,518723
2022-07-28,1638.1281211339074,1642.6937181826504,1633.1356168371415,1639.1143579082316,923588
2022-07-29,1636.7580729443828,1637.1854533485628,1636.1922033798214,1636.9973135768212,635152
2022-07-30,1635.5488769939886,1637.4280145606194,1631.403451445165,1634.994834185773,127227
2022-07-31,1631.7290268335703,1636.3061750959077,1631.5010643612818,1634.3242143602815,160146
2022-08-01,1635.1673154997256,1637.5560062015431,1632.4737315360946,1632.6821458575046,850517
2022-08-02,1630.631635182092,1632.7460116474203,1627.5619806017899,1630.8174631899112,379478
2022-08-03,1627.801244015319,1633.01267764026,1626.5272385871215,1629.102303499827,803847
2022-08-04,1624.1012172111612,1630.6062976761696,1623.5345967340456,1628.4313161294801,869931
2022-08-05,1626.9013424836824,1629.9202298426446,1624.7342053230543,1625.556116867747,173466
2022-08-06,1629.15321838454,1629.4705542500042,1623.580855553614,1624.733186263021,217593
2022-08-07,1619.4879347938436,1624.9836783662663,1618.6691977453738,1622.4897015673237,743245
2022-08-08,1617.4203568874823,1624.707116075063,1615.4655783915387,1620.8989243195049,845864
2022-08-09,1617.3549521380858,1619.945280637907,1613.7492825888296,1619.430878174358,186271
2022-08-10,1618.8735790438668,1620.8373430509566,1615.0951281730406,1616.9436109752223,268822
2022-08-11,1616.7544097104137,1616.9645277175916,1610.91240966524,1613.947061148394,965780
2022-08-12,1615.7315674206782,1616.701285665743,1607.737282449623,1611.9137082165346,294397
2022-08-13,1614.3722477851977,1616.0657571001873,1604.752580007602,1609.4141107673865,569623
2022-08-14,1610.6238647351818,1612.0786523493866,1604.2773378878321,1607.2391756342295,870641
2022-08-15,1610.460549028719,1613.2834639924315,1605.452083322879,1606.1134108612591,340404
2022-08-16,1607.1650523104493,1607.4069631509492,1601.3149599936755,1604.2914517776871,542552
2022-08-17,1606.6767583149308,1608.6123834829482,1600.1547912732908,1602.2002732412536,648145
2022-08-18,1602.658766708508,1607.2898122212002,1600.3520766088056,1601.6446907912891,775174
2022-08-19,1603.2463947439594,1603.707321785362,1597.0329345547952,1599.8795795804426,141034
2022-08-20,1595.2511063731088,1603.4274907096626,1593.8329669969055,1598.948372615747,942129
2022-08-21,1596.8583182823234,1599.0124498448777,1593.8310014311858,1596.630036847807,576729
2022-08-22,1592.1679720590635,1598.5219838014532,1588.7706465541567,1595.8562368387377,192177
2022-08-23,1594.4659935534548,1599.4636423253967,1590.5498681603844,1593.5583307002103,216977
2022-08-24,1592.1984704782456,1592.6924546082503,1589.5780106057684,1591.2621976997632,711027
2022-08-25,1585.6065696059106,1593.6676417876774,1584.1001679245906,1589.5243147882518,325656
2022-08-26,1584.99720970322,1588.5473390868963,1581.0387641345212,1587.620867474501,737520
2022-08-27,1584.4016884572206,1586.1195511194153,1583.8781238057745,1585.720513962823,999936
2022-08-28,1579.3888407954353,1585.3451555271818,1575.977008608916,1584.093078575989,333634
2022-08-29,1582.953136528957,1587.8035557128137,1581.9077876199942,1583.546169001794,127667
2022-08-30,1582.7825075211406,1586.7036203055827,1579.0753126416023,1582.2235699129203,963830
2022-08-31,1582.953741226247,1586.5127121197186,1575.749882912808,1579.7085353290556,667213
2022-09-01,1573.3372839435922,1582.0970854232971,1568.8771566155756,1577.6000060071995,419758
2022-09-02,1574.7834899413458,1576.4948768628085,1574.735471243291,1575.6410529615835,747179
2022-09-03,1579.323760970434,1579.9144465678423,1571.9809064622937,1574.8112560921911,581798
2022-09-04,1575.1832307040952,1577.2055069657256,1568.2553479569917,1573.1536099834811,221247
2022-09-05,1570.3726546298665,1575.5372342560152,1567.369948286443,1570.6804936019746,202969
2022-09-06,1571.8065571473364,1575.0029196419898,1569.2517933180907,1569.5167510415722,538715
2022-09-07,1563.885053081872,1569.1322625355165,1559.4399571904162,1568.7651727366513,448219
2022-09-08,1565.0945302854743,1572.2795680806644,1563.3144939125486,1568.1502311460695,300369
2022-09-09,1570.5866493686012,1572.4931041624543,1562.5470756719396,1566.379368547682,625102
2022-09-10,1567.2844051904165,1569.1384371217207,1560.8897455607787,1564.043218499587,560866
2022-09-11,1561.2226600748836,1565.847740163019,1556.68105887394,1562.609885426503,965967
2022-09-12,1561.239259719725,1562.9759343782891,1558.7034508660986,1561.3317732350095,756087
2022-09-13,1555.8972840304414,1563.5520031467856,1552.2634041926865,1558.748378747497,691652
2022-09-14,1560.0275634203567,1561.8769182468861,1556.4914276536044,1557.4718211271688,108923
2022-09-15,1556.8046739071676,1559.598456854936,1554.2958445849627,1556.1232320688164,924028
2022-09-16,1550.9825166675757,1555.3006754830308,1550.0984813693437,1553.6930370398384,241669
2022-09-17,1555.122125656103,1558.4043377931778,1549.833085253522,1552.1718130189222,278962
2022-09-18,1545.4437779092787,1553.73310608614,1544.510937915706,1550.2543931361406,528826
2022-09-19,1546.4434029446363,1549.0204418981193,1544.0933824795115,1547.9237045312034,933157
2022-09-20,1547.7747478666197,1551.6915761949404,1545.999556071904,1546.758037014514,460876
2022-09-21,1540.2822239803309,1544.9735775752113,1537.3463455005683,1544.3487884611043,229070
2022-09-22,1539.5104394010946,1547.0528383591954,1536.2226316271922,1542.553726228161,422783
2022-09-23,1537.5653335869895,1542.1311046359458,1536.8497681031442,1541.8837852487504,371705
2022-09-24,1542.5489974022723,1545.8906145468939,1538.07006248751,1541.1929403745187,206972
2022-09-25,1537.1362340340265,1541.9762802558157,1536.382535548912,1540.2376074610022,109378
2022-09-26,1541.6126880695535,1544.1830940206448,1538.115272441411,1538.2798719159682,707782
2022-09-27,1538.599796532104,1541.7927736923107,1534.9117577745822,1536.6949954051436,241156
2022-09-28,1537.3349895393947,1538.2046326420045,1531.8398412614456,1535.3889149253284,270051
2022-09-29,1530.3801755404738,1535.2539246980643,1526.3330701813497,1533.6975069696125,205473
2022-09-30,1536.3522189521384,1540.8645424990696,1531.4763053347767,1531.6622843552677,672429
2022-10-01,1533.1876276668443,1533.8863197678374,1528.2104796033943,1529.1803117623526,444540
2022-10-02,1527.4567999860344,1533.0034402455983,1523.5092811894583,1528.2852883468718,565207
2022-10-03,1524.3978736484908,1532.2631383826238,1522.5552910933338,1527.6990602931915,837443
2022-10-04,1529.6102605037104,1529.895484082759,1523.1004359228714,1524.8065992857323,639476
2022-10-05,1527.109282846187,1528.5668458455084,1518.0583083183615,1522.487837934488,389925
2022-10-06,1518.5561652549886,1525.6921109905818,1514.176504291919,1521.1759357653364,672463
2022-10-07,1518.497287004779,1522.7390725046498,1516.3753704275625,1519.2337058048804,713667
2022-10-08,1519.067471105213,1522.0095607931287,1514.7128270512217,1518.5814950808788,816621
2022-10-09,1512.969726170674,1517.7376233378234,1512.5891427474787,1517.1220627998096,489511
2022-10-10,1514.82551320221,1516.9284359342969,1513.0172558994875,1515.4356666394165,452865
2022-10-11,1510.9134776469925,1513.5342509204463,1509.6132297558652,1512.7583988773322,241947
2022-10-12,1513.6011134323528,1513.6693649092686,1507.4075304965022,1511.6828072412136,172394
2022-10-13,1509.7173811620085,1512.7850362838583,1507.9439577503572,1509.6486389658744,569608
2022-10-14,1510.794736299128,1514.4718913452332,1502.2298666973238,1506.9467301410084,637390
2022-10-15,1499.8681920290824,1505.0954610059025,1494.9581694110122,1504.0407160412797,517930
2022-10-16,1501.2679446434784,1505.6070556646428,1496.460820178702,1502.330507429267,531246
2022-10-17,1504.272897647431,1508.6791485530348,1499.3448955036845,1500.7084622679945,946955
2022-10-18,1495.3219701065998,1500.2956696188191,1494.6159636944421,1499.3896898503676,811330
2022-10-19,1497.4972369397872,1502.6186039384163,1494.0082534529367,1498.3429272515516,511243
2022-10-20,1493.0690450370084,1496.4585553313163,1491.2922896557548,1496.3955088574546,477144
2022-10-21,1492.9969692317914,1497.1357620966337,1492.6154849763334,1494.8968619310058,996106
2022-10-22,1493.1801941840893,1496.363246497098,1489.572977073211,1492.8302071529813,643460
2022-10-23,1487.9474891253417,1492.7543025780567,1486.4692453396406,1490.0773611264392,640288
2022-10-24,1486.6302313576793,1491.3509796192018,1483.5922268375461,1489.3544837350553,664611
2022-10-25,1484.555603475828,1490.643884869067,1481.1979594511736,1487.853684512242,958709
2022-10-26,1487.1100399808904,1488.1527363642942,1485.1473257546036,1486.2567451836812,595482
2022-10-27,1490.036674495683,1490.7661353152876,1484.8741120717725,1485.3949376211356,662610
2022-10-28,1483.234060750372,1490.1335329317476,1482.2602258161974,1487.0171692807207,705502
2022-10-29,1484.2615919376365,1489.6725165927498,1483.8286836434543,1489.2010123866712,808767
2022-10-30,1486.7394610194217,1493.875816266247,1482.9158936302074,1491.2213214029125,469105
2022-10-31,1488.109882497002,1493.975365370528,1483.519407103606,1493.0902441876297,234426
2022-11-01,1492.6943357295158,1498.3755633221238,1490.7234203379062,1494.3457403306822,400797
2022-11-02,1492.8578024618846,1497.8336614606048,1491.0243212450287,1495.214809925835,874271
2022-11-03,1492.2851998856845,1498.682730145942,1490.7978857889934,1496.8858009654446,297780
2022-11-04,1493.288596065285,1500.6098614490816,1493.229110741017,1497.9766837067439,873108
2022-11-05,1494.684274336536,1500.5411532093976,1493.88522525426,1499.4540741088108,548713
2022-11-06,1499.8100788112467,1505.3483562588453,1496.0338916527623,1500.7785285431191,203796
2022-11-07,1498.6984437141502,1506.1485460877698,1496.6090476530962,1501.9534457040436,793254
2022-11-08,1504.0692774836227,1506.888656471624,1499.8176229574087,1503.9559587313327,269794
2022-11-09,1506.5380217069467,1507.3607046622176,1504.226318374953,1505.736601894861,563800
2022-11-10,1510.3199187515324,1515.0572693476881,1506.5924322404985,1506.9290537369957,186059
2022-11-11,1504.792181957566,1510.9834712443262,1500.8314339413373,1507.6895881874498,230314
2022-11-12,1513.9743632206857,1516.5304703786578,1509.8405915928213,1510.1108808580616,522058
2022-11-13,1511.4405737364286,1512.211064302592,1508.0883615596633,1512.055453690502,793438
2022-11-14,1509.2855124467933,1513.6323746668907,1505.6526818667437,1513.2313904604957,599653
2022-11-15,1515.503449543731,1520.0720941600111,1512.866542661003,1515.6666053718304,622988
2022-11-16,1517.9887035076151,1522.047919082382,1515.7841518084274,1516.4906145123327,843155
2022-11-17,1518.5248168862563,1521.0574720038214,1517.6951881097302,1518.0997504874802,990847
2022-11-18,1519.2785387451581,1521.1154586556393,1514.8724484755544,1519.273039385511,106991
2022-11-19,1522.3144489593692,1525.039458706616,1521.4195858817216,1521.6306142319352,100064
2022-11-20,1523.2537641177832,1524.6247631243457,1523.0188442872138,1523.8271390258546,835113
2022-11-21,1524.5974681225716,1527.1247437111417,1523.7947469083922,1524.8243515020883,190593
2022-11-22,1524.4732557279842,1528.4648720613804,1524.2135844140191,1527.137253232794,547272
2022-11-23,1525.6927331934053,1532.3889220670478,1522.5269915098163,1529.0946456186055,850825
2022-11-24,1528.137179679591,1532.9300104827232,1527.696899851406,1531.4187808695544,931135
2022-11-25,1533.155295140656,1534.6410311261511,1528.322475995839,1533.7352435956482,875715
2022-11-26,1532.8253799057784,1538.3038110355917,1527.9828014514646,1535.8056259193074,393874
2022-11-27,1539.1901488178596,1541.3259526588083,1534.4479855548177,1537.2355312643308,256305
2022-11-28,1534.712517160024,1541.5830888813648,1531.4665526742258,1539.3239743068607,390667
2022-11-29,1539.2888020526786,1544.721410606333,1538.105450219688,1540.6838379621547,876036
2022-11-30,1545.3161264950804,1546.9817147140725,1539.463762253871,1542.9777975111601,110783
2022-12-01,1540.0412142957553,1548.285520116404,1539.7317079350353,1544.1204536158646,142440
2022-12-02,1545.8178842761013,1548.2609168825775,1543.981152012967,1545.3387247983135,603554
2022-12-03,1545.1154998842092,1547.3096825990797,1540.5120813487633,1546.6847950927195,835120
2022-12-04,1545.1157457698184,1551.5775351361597,1544.495432452331,1547.8805045150389,448893
2022-12-05,1552.6353738681546,1557.1177666120234,1547.097940493461,1550.0756944154828,821260
2022-12-06,1549.8875455488208,1556.6701609808406,1549.6647354621098,1552.0313587121902,296821
2022-12-07,1558.388825561904,1561.645499901327,1552.2883492802935,1553.797603418342,931942
2022-12-08,1557.7987262553593,1558.1984051213276,1552.8174986623028,1554.7974401829583,866146
2022-12-09,1559.4198858274399,1562.4372432979171,1554.1144138217596,1555.6827169921146,573868
2022-12-10,1556.2083787269519,1559.353756304237,1552.358559303852,1558.13601105517,592734
2022-12-11,1555.2034295484214,1560.8530078133479,1553.5777102738377,1560.1880416308795,286809
2022-12-12,1558.7800419293949,1562.2404248441721,1553.988803419633,1560.8348811386754,945572
2022-12-13,1559.69810993243,1563.045129639952,1559.3319500744483,1562.8182224105947,554416
2022-12-14,1565.9384382603882,1569.5829514083882,1564.0219119635283,1565.1184601305738,483462
2022-12-15,1565.2278375948106,1569.4161134362478,1560.8799605160812,1566.711870520361,757462
2022-12-16,1564.2673752497483,1571.7350988803555,1561.2828684191652,1568.1291243252817,754198
2022-12-17,1568.7244343891969,1570.6724061828747,1566.5478303330833,1568.8414149698615,514714
2022-12-18,1574.8301876585267,1579.1769044732737,1568.1226168221585,1570.668084550055,426309
2022-12-19,1577.2696536350454,1578.6264862729577,1567.7486225740165,1572.6087815287754,151888
2022-12-20,1573.1886920106185,1576.676096762883,1572.9786439727022,1575.0738779325263,421319
2022-12-21,1581.008052120435,1585.4902281954935,1576.598609944851,1577.1330908339658,773351
2022-12-22,1575.8484039668592,1580.550299970769,1571.6548896266304,1578.8784864759316,578539
2022-12-23,1576.2989716509683,1583.4293897709908,1571.7500024606243,1579.3809457981454,888125
2022-12-24,1577.4873983242296,1583.4701954320099,1574.5135444499927,1581.731124885214,155881
2022-12-25,1588.5962738995997,1591.4763924736685,1580.6639950142126,1584.004582654318,250547
2022-12-26,1582.6783380571983,1588.1506672705561,1579.1292876230152,1585.1040708710339,536390
2022-12-27,1590.4682027787167,1593.8456693535918,1585.0146163197821,1587.1995145084359,195768
2022-12-28,1587.3550479228352,1591.4453398665328,1585.2534572818354,1589.5866420284758,113961
2022-12-29,1594.2079848465976,1597.4959745458016,1586.526445425114,1591.3320436037882,601764
2022-12-30,1593.8406695139204,1594.0738551211628,1588.5995771641549,1591.8941786463683,738062
2022-12-31,1587.649908936687,1596.4534925800779,1583.4823176230827,1592.5363020261905,327128
2023-01-01,1596.8003615784985,1598.8932881524859,1588.4583287660869,1593.360575423001,937078
2023-01-02,1593.1372430619072,1595.7290550346652,1589.0025703052263,1595.3985647612208,439345
2023-01-03,1601.8574606888021,1605.9869141337185,1595.2818407566858,1597.245792340084,826590
2023-01-04,1598.0729693757714,1600.2599533271318,1593.5435064926448,1599.2715319693682,481249
2023-01-05,1602.9541954251324,1606.0128193397502,1598.1820880168402,1601.1366531906242,704159
2023-01-06,1600.3511561624962,1603.8196383313393,1598.0376660064328,1602.104371113159,148846
2023-01-07,1604.5592017857284,1609.0398722099453,1599.22165574346,1603.4573722478785,716349
2023-01-08,1600.5931674383376,1608.4138555053003,1599.4657536684251,1605.5284176711634,440048
2023-01-09,1605.866859758774,1610.716686702795,1603.0282875588152,1607.634436885716,235689
2023-01-10,1611.2609767266977,1612.377252366343,1605.9762642875003,1609.0987855825358,198305
2023-01-11,1607.0951135620564,1611.7639920906693,1603.7453167023336,1609.7500249613076,644851
2023-01-12,1608.5881023262482,1615.2428742949344,1605.3943264866211,1610.5803755723769,669526
2023-01-13,1614.8865465502195,1617.4048553669459,1609.5104173688294,1611.8352272751058,655490
2023-01-14,1610.5833569585277,1613.2942138013555,1609.9965781196836,1613.0863822928407,950727
2023-01-15,1619.7979278596283,1622.8616695511753,1612.0553134140664,1615.5659074072435,468750
2023-01-16,1621.31706984027,1622.5649380923473,1615.347568101859,1617.7889561429238,195942
2023-01-17,1616.1023469984677,1619.5409452149738,1613.073911802702,1618.9334191998207,925597
2023-01-18,1621.84249679649,1623.6139712575696,1618.4052504222427,1621.1984401592142,803767
2023-01-19,1627.2163550950727,1629.8351757097946,1619.018530453415,1622.5331031182568,953048
2023-01-20,1619.963082554259,1624.7189753671305,1616.513465935935,1623.880630334627,550177
2023-01-21,1621.6718317234188,1626.491878526853,1621.5548894680458,1625.9419917020891,964339
2023-01-22,1622.6690721709642,1630.808391497097,1619.957236920874,1626.515305558542,822096
2023-01-23,1629.2788639060525,1631.83772202832,1624.4083551242982,1628.4656171475895,637494
2023-01-24,1633.76575514341,1634.695015073725,1626.007160280193,1630.0956769366016,182110
2023-01-25,1632.0752769304204,1632.842152865096,1626.8742242425624,1631.0007500577865,611102
2023-01-26,1635.346089340334,1639.603808593533,1627.6143935509915,1631.9595769538214,895058
2023-01-27,1636.3969288375974,1636.5594383655368,1632.6624943592142,1632.8276273489307,600223
2023-01-28,1629.1772409735106,1635.4240438718443,1626.9931240338046,1633.705665718193,715488
2023-01-29,1631.8573384546012,1638.4313845653853,1627.6921296353457,1634.9684808544373,598433
2023-01-30,1639.174324222108,1641.6392037460057,1633.6100993743328,1636.570819978854,151892
2023-01-31,1632.562884587359,1637.464568500934,1628.8161951779896,1637.3354258846423,575126
2023-02-01,1636.038204724544,1638.5571315223115,1631.734838375446,1637.9571399229092,151644
2023-02-02,1641.042794479099,1644.3827586644334,1639.5723229662317,1639.8799943009806,226739
2023-02-03,1644.640840380666,1648.172459620464,1641.4078100066085,1641.4420721978445,273438
2023-02-04,1641.2630685818367,1644.0951397716115,1639.5552466263618,1643.7512263535014,663185
2023-02-05,1637.8870078020166,1644.737246846776,1633.3072178894738,1642.5931465377398,532554
2023-02-06,1636.4265709287583,1644.8615137658524,1635.1806603054795,1641.395239840526,472171
2023-02-07,1638.0056554249231,1642.8371243655895,1634.4987767980954,1640.23494567176,693833
2023-02-08,1639.924283608673,1644.7848121669458,1637.1221903556125,1640.0386400872833,886311
2023-02-09,1640.6495350475057,1643.9933045285152,1640.3167385262984,1641.342314147995,767636
2023-02-10,1646.732386285988,1650.9159619022703,1638.4711194787492,1642.3513886904877,646511
2023-02-11,1642.4935417414438,1645.387772749768,1640.0250311130894,1642.732828224682,115538
2023-02-12,1646.349031892871,1649.2975313698148,1640.2253863440408,1642.0439332485773,430932
2023-02-13,1642.3328399565441,1646.725590084783,1637.194340643994,1641.7534737190006,487483
2023-02-14,1638.220427696846,1646.958865000443,1636.256783879922,1643.1057139861398,591858
2023-02-15,1646.2140884626006,1647.9480869338972,1639.496359393152,1641.8037799516533,521384
2023-02-16,1640.8939617917856,1645.07762117495,1638.1897010276507,1642.8172365371781,765205
2023-02-17,1640.575876024987,1646.8480739830225,1637.521386837346,1643.6347885114583,821329
2023-02-18,1648.0694839102598,1650.6918472597938,1642.0898415275565,1644.830078851521,429210
2023-02-19,1642.7239919871756,1648.63344969733,1641.9187235654688,1645.9048468260482,210524
2023-02-20,1642.7270037086635,1648.9480490801527,1639.7504411124628,1646.3110468574837,968883
2023-02-21,1644.5479249484008,1646.4310250670576,1639.9031808169573,1645.1175540406257,955889
2023-02-22,1645.8296266743673,1650.6381073585596,1639.809140999163,1644.294241878898,166076
2023-02-23,1641.2131089389773,1648.5546425060136,1638.5437754245597,1645.7621091947394,773522
2023-02-24,1645.526172979419,1647.156026618879,1644.6942655799546,1646.2060461978183,734942
2023-02-25,1642.8200934811448,1649.263638522215,1642.2257250479026,1646.002184541676,975518
2023-02-26,1647.7429216185174,1649.3035814708776,1644.1679316478744,1645.0921087100758,255082
2023-02-27,1640.4791189370424,1648.6105445540861,1637.71842338335,1643.8250207253684,714246
2023-02-28,1645.1084771306444,1645.1087252453813,1642.0383026843185,1643.8628440670077,458865
2023-03-01,1637.853195574674,1645.9075056351203,1635.9026642867832,1642.8231229159253,868998
2023-03-02,1640.5248539667948,1646.325382426204,1635.9604864944283,1642.6219512708085,493285
2023-03-03,1639.7903109449885,1646.7407140151613,1638.037906459512,1643.9842618291534,587307
2023-03-04,1649.0216867277802,1650.4919021012981,1643.8762214468093,1644.1883980840096,489753
2023-03-05,1645.3298266439285,1647.097937736104,1641.3879202069438,1644.1702658103009,615859
2023-03-06,1640.049910624026,1646.1917925108944,1637.8683306306064,1643.9511912633986,345774
2023-03-07,1646.3526754263457,1650.057509024134,1640.9166882666225,1644.0323864808672,694188
2023-03-08,1641.1001129244114,1647.7781188689617,1637.5658141317724,1644.4000599098083,176344
2023-03-09,1640.3819442372503,1648.6359211655597,1639.7513589690377,1645.3592048558257,969822
2023-03-10,1648.8122928388384,1653.7272623552637,1643.430120593096,1645.1039061748145,481288
2023-03-11,1642.5044407611194,1646.7483804526537,1640.802174238414,1645.023238795246,540703
2023-03-12,1648.881043054342,1651.3493028805485,1640.6224982148103,1645.5470462121177,687281
2023-03-13,1647.7870296253298,1649.5116051872353,1641.0720272399099,1645.8540945786401,859935
2023-03-14,1650.331579381861,1652.2362172830137,1645.3054658742012,1645.4165792021665,554037
2023-03-15,1648.7344207625351,1649.302484261734,1643.2934547044647,1644.6111963666267,270664
2023-03-16,1645.4185454865626,1649.0891205775222,1640.7172762202135,1645.7708985760094,414795
2023-03-17,1642.1236170101174,1649.171260577571,1639.8976567771856,1646.685509791267,138157
2023-03-18,1645.0436036588178,1649.2071139881991,1643.9687921908933,1647.7872615437298,259164
2023-03-19,1652.036357255814,1656.213813059322,1648.4026259002305,1648.7556146473253,848108
2023-03-20,1643.7459073153952,1652.4176306451197,1641.9814020251924,1648.440329815011,751971
2023-03-21,1642.9026702495692,1651.3229046710312,1642.8846655772627,1647.2771419452079,879438
2023-03-22,1647.041220334541,1653.250931921884,1644.670364698659,1648.6979704849198,601018
2023-03-23,1649.965115925192,1654.0804265882746,1646.0073098890214,1647.877203180677,104027
2023-03-24,1644.3167945289083,1653.1909423921477,1643.5079891597823,1648.506389141791,810748
2023-03-25,1645.7749878795355,1648.179946079828,1641.4872650648183,1647.5479662367393,760218
2023-03-26,1653.3334588249545,1657.8548246775026,1646.628276804391,1648.746161972429,293058
2023-03-27,1653.4613047294251,1654.7791958289772,1645.1645710419907,1648.967945027246,247972
2023-03-28,1646.83329896146,1650.614293934072,1646.7619459024663,1648.2115990798738,344890
2023-03-29,1649.306674169629,1650.0639044169181,1647.7395627283283,1647.917978992379,159841
2023-03-30,1653.2385755952623,1656.4898183953985,1648.6530088999857,1649.3122368228771,895484
2023-03-31,1650.2229486921744,1651.7004350858817,1646.9786919975206,1650.1341597830638,347915
2023-04-01,1655.5096992538267,1660.1436078419,1650.103984459375,1651.6215948074355,631715
2023-04-02,1646.441146792039,1655.72301510277,1643.3674548134522,1650.8578206299399,489064
2023-04-03,1654.040898594382,1654.128724045336,1648.6638746074916,1650.6089682443771,380299
2023-04-04,1646.6471244597822,1651.022601964696,1641.9459554537868,1649.5689041948528,447022
2023-04-05,1651.540050116408,1652.6657552981947,1648.074737513242,1650.1866541871063,510872
2023-04-06,1649.30163625984,1652.7775551088623,1645.1374744792397,1649.9844274200207,791573
2023-04-07,1650.3520693827857,1652.3609975441714,1645.2572755515434,1648.7438282841274,634316
2023-04-08,1652.3101726988336,1656.0879283108761,1644.9284587427671,1647.9555157854174,156516
2023-04-09,1649.7851448872443,1650.950233694233,1646.8262636645386,1648.7771042698046,818298
2023-04-10,1650.7379652544182,1651.8402512523876,1643.41427995319,1647.3075049117322,773244
2023-04-11,1645.9772451375197,1649.5702629757284,1644.657518022058,1646.3249123406695,621511
2023-04-12,1647.45384036696,1647.8199995154343,1646.233115289211,1646.2771527269997,457574
2023-04-13,1644.0681467829193,1650.701402905155,1639.0918882869244,1646.859531359075,639007
2023-04-14,1644.1945044973954,1646.862708284625,1640.599708006405,1645.6300443442956,480613
2023-04-15,1645.2887077953728,1647.216933838724,1643.4761434216541,1644.3704184242017,821438
2023-04-16,1642.591961012168,1648.0839131872046,1637.6608909040801,1645.5703611157596,381832
2023-04-17,1644.2792923928016,1645.6832861011846,1639.381447532412,1645.3395926766048,763694
2023-04-18,1650.3160807950544,1651.8452161877337,1644.4268659725221,1646.1506582331774,353323
2023-04-19,1643.3419643328707,1646.1084853041355,1639.0002841963362,1645.4299828124388,786910
2023-04-20,1645.705648341648,1646.7995835835336,1642.644274958991,1644.7133782262488,212706
2023-04-21,1648.3967397484844,1652.082584067461,1640.566014386831,1645.1549970674976,427019
2023-04-22,1643.2816527017294,1644.65332882671,1640.455709720704,1643.6807236309617,815280
2023-04-23,1644.8990191261425,1649.2924761221898,1641.5370034593857,1643.9753878656525,612257
2023-04-24,1642.864361787714,1647.597371342582,1640.732884971486,1642.933339206197,684380
2023-04-25,1639.4855690899674,1642.7190954662965,1638.029712080359,1641.4911921671094,144283
2023-04-26,1641.8934660046978,1644.477400445368,1635.2797810190998,1640.1731590131371,396767
2023-04-27,1636.5323042889781,1644.4183728944136,1632.0262306823695,1640.411081447992,881798
2023-04-28,1638.6320080076266,1644.4967507827669,1635.4246934756839,1640.1087449641059,909338
2023-04-29,1640.6145656623446,1641.4604114189408,1637.58535906498,1640.1810205696597,677093
2023-04-30,1636.5888734934244,1641.8080318978436,1632.082644963344,1639.567304401554,117489
2023-05-01,1638.079331166352,1642.6585096373103,1636.7353953595607,1639.722806400905,705020
2023-05-02,1644.4050292612683,1645.4825390335614,1640.3477659003097,1640.61654142043,978202
2023-05-03,1645.511075491123,1648.410320357298,1639.8241534599804,1641.9556891665509,379549
2023-05-04,1643.099116730917,1643.7538130519406,1640.6974808330888,1642.241318136871,792347
2023-05-05,1644.2078449367589,1646.5676417361303,1637.7575529913854,1640.982484811104,556900
2023-05-06,1637.4644165905854,1645.4016183362705,1635.849407903465,1641.9607658788261,360399
2023-05-07,1640.9071880435235,1644.226404297729,1638.3614883626424,1641.1014291998752,602358
2023-05-08,1645.5307127902522,1648.351432464647,1640.0001706952355,1640.6774294271243,109752
2023-05-09,1644.160370852051,1646.63514797161,1638.871522552638,1639.2050313995398,294826
2023-05-10,1639.4173750834773,1641.4100306714636,1638.3005514515078,1639.3577697421917,801714
2023-05-11,1641.8948528379894,1645.4162370752563,1637.623323654108,1640.8427776036588,628858
2023-05-12,1645.7895541161786,1647.034571394724,1637.8971142377143,1641.7297608719884,693626
2023-05-13,1640.6780170488416,1641.4561584754981,1635.7672260157724,1640.270087601679,999311
2023-05-14,1641.1558161758596,1645.5203312760038,1635.7513488721916,1639.879226224784,568099
2023-05-15,1639.0077113432221,1644.3812108353811,1637.7634961880758,1640.26753028098,152842
